Prediction,Probability,Risk Level
Bankrupt,87.89,High Risk
Bankrupt,87.89,High Risk
Bankrupt,87.89,High Risk
Bankrupt,87.89,High Risk
Bankrupt,87.89,High Risk
Bankrupt,87.89,High Risk
Bankrupt,87.89,High Risk
Bankrupt,87.89,High Risk
Bankrupt,87.89,High Risk
Bankrupt,87.89,High Risk
Bankrupt,87.89,High Risk
Bankrupt,87.89,High Risk
Bankrupt,87.88999938964844,High Risk
Bankrupt,87.88999938964844,High Risk
Bankrupt,87.88999938964844,High Risk
Bankrupt,87.88999938964844,High Risk
Bankrupt,87.89,High Risk
Bankrupt,87.89,High Risk
